<beans xmlns = "http://www.springframework.org/schema/beans"
   xmlns:xsi = "http://www.w3.org/2001/XMLSchema-instance"
   xmlns:context = "http://www.springframework.org/schema/context"
   xsi:schemaLocation = "http://www.springframework.org/schema/beans
   http://www.springframework.org/schema/beans/spring-beans-3.0.xsd
   http://www.springframework.org/schema/context
   http://www.springframework.org/schema/context/spring-context-3.0.xsd">
   
   <bean id="datausagedetails" class="com.service.impl.DataUsageDetails"></bean>
   <bean id="missedcalldetails" class="com.service.impl.MissedCallDetails"></bean>
   <bean id="notifiactiondetails" class="com.service.impl.NotificationDetails"></bean>
   
   <bean id="airtel" class="com.service.provider.Airtel">
   <property name="service" ref="notifiactiondetails"></property>
   </bean>
   
   
   </beans>